node_id,lat,lon,timestamp,predicted,actual
1,22.5461,114.0579,2025-12-27T10:00:00,55,58
1,22.5461,114.0579,2025-12-27T11:00:00,60,62
1,22.5461,114.0579,2025-12-27T12:00:00,65,68
2,22.5431,114.0600,2025-12-27T10:00:00,70,75
2,22.5431,114.0600,2025-12-27T11:00:00,72,78
2,22.5431,114.0600,2025-12-27T12:00:00,80,85
3,22.5400,114.0550,2025-12-27T10:00:00,40,42
3,22.5400,114.0550,2025-12-27T11:00:00,45,46
3,22.5400,114.0550,2025-12-27T12:00:00,50,55
4,22.5480,114.0590,2025-12-27T10:00:00,80,83
4,22.5480,114.0590,2025-12-27T11:00:00,85,88
4,22.5480,114.0590,2025-12-27T12:00:00,90,95
5,22.5425,114.0510,2025-12-27T10:00:00,50,52
5,22.5425,114.0510,2025-12-27T11:00:00,52,120
5,22.5425,114.0510,2025-12-27T12:00:00,55,60
